"date","metric","submetric","value","display"
"09/09/2023","COVID-19 cases","Total","9464","Number"
"09/16/2023","COVID-19 cases","Total","9603","Number"
"09/23/2023","COVID-19 cases","Total","10415","Number"
"09/30/2023","COVID-19 cases","Total","8603","Number"
"10/07/2023","COVID-19 cases","Total","7010","Number"
"10/14/2023","COVID-19 cases","Total","5136","Number"
"10/21/2023","COVID-19 cases","Total","4649","Number"
"10/28/2023","COVID-19 cases","Total","4123","Number"
"11/04/2023","COVID-19 cases","Total","3351","Number"
"11/11/2023","COVID-19 cases","Total","3789","Number"
"11/18/2023","COVID-19 cases","Total","4406","Number"
"11/25/2023","COVID-19 cases","Total","4825","Number"
"12/02/2023","COVID-19 cases","Total","6508","Number"
"12/09/2023","COVID-19 cases","Total","7330","Number"
"12/16/2023","COVID-19 cases","Total","10327","Number"
"12/23/2023","COVID-19 cases","Total","14023","Number"
"12/30/2023","COVID-19 cases","Total","16496","Number"
"01/06/2024","COVID-19 cases","Total","17056","Number"
"01/13/2024","COVID-19 cases","Total","15257","Number"
"01/20/2024","COVID-19 cases","Total","10727","Number"
"01/27/2024","COVID-19 cases","Total","9700","Number"
"02/03/2024","COVID-19 cases","Total","7539","Number"
"02/10/2024","COVID-19 cases","Total","6104","Number"
"02/17/2024","COVID-19 cases","Total","4576","Number"
"02/24/2024","COVID-19 cases","Total","3453","Number"
"03/02/2024","COVID-19 cases","Total","2951","Number"
"03/09/2024","COVID-19 cases","Total","2204","Number"
"03/16/2024","COVID-19 cases","Total","1796","Number"
"03/23/2024","COVID-19 cases","Total","1752","Number"
"03/30/2024","COVID-19 cases","Total","1539","Number"
"04/06/2024","COVID-19 cases","Total","1432","Number"
"04/13/2024","COVID-19 cases","Total","1413","Number"
"04/20/2024","COVID-19 cases","Total","1406","Number"
"04/27/2024","COVID-19 cases","Total","1350","Number"
"05/04/2024","COVID-19 cases","Total","1576","Number"
"05/11/2024","COVID-19 cases","Total","1765","Number"
"05/18/2024","COVID-19 cases","Total","2486","Number"
"05/25/2024","COVID-19 cases","Total","2736","Number"
"06/01/2024","COVID-19 cases","Total","2939","Number"
"06/08/2024","COVID-19 cases","Total","3631","Number"
"06/15/2024","COVID-19 cases","Total","4186","Number"
"06/22/2024","COVID-19 cases","Total","4869","Number"
"06/29/2024","COVID-19 cases","Total","5328","Number"
"07/06/2024","COVID-19 cases","Total","5603","Number"
"07/13/2024","COVID-19 cases","Total","6488","Number"
"07/20/2024","COVID-19 cases","Total","7046","Number"
"07/27/2024","COVID-19 cases","Total","7550","Number"
"08/03/2024","COVID-19 cases","Total","6860","Number"
"08/10/2024","COVID-19 cases","Total","5419","Number"
"08/17/2024","COVID-19 cases","Total","5465","Number"
"08/24/2024","COVID-19 cases","Total","4692","Number"
"08/31/2024","COVID-19 cases","Total","4169","Number"
"09/07/2024","COVID-19 cases","Total","3581","Number"
"09/14/2024","COVID-19 cases","Total","3767","Number"
"09/21/2024","COVID-19 cases","Total","3424","Number"
"09/28/2024","COVID-19 cases","Total","2674","Number"
"10/05/2024","COVID-19 cases","Total","1770","Number"
"10/12/2024","COVID-19 cases","Total","1420","Number"
"10/19/2024","COVID-19 cases","Total","1204","Number"
"10/26/2024","COVID-19 cases","Total","1217","Number"
"11/02/2024","COVID-19 cases","Total","1241","Number"
"11/09/2024","COVID-19 cases","Total","940","Number"
"11/16/2024","COVID-19 cases","Total","915","Number"
"11/23/2024","COVID-19 cases","Total","1015","Number"
"11/30/2024","COVID-19 cases","Total","1011","Number"
"12/07/2024","COVID-19 cases","Total","1464","Number"
"12/14/2024","COVID-19 cases","Total","1589","Number"
"12/21/2024","COVID-19 cases","Total","2009","Number"
"12/28/2024","COVID-19 cases","Total","1907","Number"
"01/04/2025","COVID-19 cases","Total","2558","Number"
"01/11/2025","COVID-19 cases","Total","2619","Number"
"01/18/2025","COVID-19 cases","Total","2880","Number"
"01/25/2025","COVID-19 cases","Total","2908","Number"
"02/01/2025","COVID-19 cases","Total","3316","Number"
"02/08/2025","COVID-19 cases","Total","3544","Number"
"02/15/2025","COVID-19 cases","Total","3355","Number"
"02/22/2025","COVID-19 cases","Total","2946","Number"
"03/01/2025","COVID-19 cases","Total","3222","Number"
"03/08/2025","COVID-19 cases","Total","3374","Number"
"03/15/2025","COVID-19 cases","Total","4015","Number"
"03/22/2025","COVID-19 cases","Total","4202","Number"
"03/29/2025","COVID-19 cases","Total","4098","Number"
"04/05/2025","COVID-19 cases","Total","3708","Number"
"04/12/2025","COVID-19 cases","Total","3310","Number"
"04/19/2025","COVID-19 cases","Total","2773","Number"
"04/26/2025","COVID-19 cases","Total","2463","Number"
"05/03/2025","COVID-19 cases","Total","1958","Number"
"05/10/2025","COVID-19 cases","Total","1688","Number"
"05/17/2025","COVID-19 cases","Total","1656","Number"
"05/24/2025","COVID-19 cases","Total","1562","Number"
"05/31/2025","COVID-19 cases","Total","1744","Number"
"06/07/2025","COVID-19 cases","Total","1782","Number"
"06/14/2025","COVID-19 cases","Total","1631","Number"
"06/21/2025","COVID-19 cases","Total","1575","Number"
"06/28/2025","COVID-19 cases","Total","1410","Number"
"07/05/2025","COVID-19 cases","Total","1294","Number"
"07/12/2025","COVID-19 cases","Total","1540","Number"
"07/19/2025","COVID-19 cases","Total","1552","Number"
"07/26/2025","COVID-19 cases","Total","1845","Number"
"08/02/2025","COVID-19 cases","Total","2032","Number"
"08/09/2025","COVID-19 cases","Total","2371","Number"
"08/16/2025","COVID-19 cases","Total","2651","Number"
"08/23/2025","COVID-19 cases","Total","2360","Number"
"08/30/2025","COVID-19 cases","Total","2552","Number"
"09/06/2025","COVID-19 cases","Total","2698","Number"
"09/13/2025","COVID-19 cases","Total","2893","Number"
"09/20/2025","COVID-19 cases","Total","2939","Number"
"09/27/2025","COVID-19 cases","Total","2335","Number"
"10/04/2025","COVID-19 cases","Total","1767","Number"
"10/11/2025","COVID-19 cases","Total","1323","Number"
"10/18/2025","COVID-19 cases","Total","998","Number"
"10/25/2025","COVID-19 cases","Total","910","Number"
"11/01/2025","COVID-19 cases","Total","870","Number"
"11/08/2025","COVID-19 cases","Total","841","Number"
"11/15/2025","COVID-19 cases","Total","786","Number"
"11/22/2025","COVID-19 cases","Total","830","Number"
"11/29/2025","COVID-19 cases","Total","754","Number"
"12/06/2025","COVID-19 cases","Total","991","Number"
"12/13/2025","COVID-19 cases","Total","1157","Number"
"12/20/2025","COVID-19 cases","Total","1161","Number"
"12/27/2025","COVID-19 cases","Total","1019","Number"
"01/03/2026","COVID-19 cases","Total","1126","Number"
"01/10/2026","COVID-19 cases","Total","1296","Number"
"01/17/2026","COVID-19 cases","Total","1052","Number"
"01/24/2026","COVID-19 cases","Total","956","Number"
"01/31/2026","COVID-19 cases","Total","803","Number"
"02/07/2026","COVID-19 cases","Total","1058","Number"
"02/14/2026","COVID-19 cases","Total","1098","Number"
"11/29/2025","COVID-19 cases by test type","Confirmed","482","Number"
"12/06/2025","COVID-19 cases by test type","Confirmed","647","Number"
"12/13/2025","COVID-19 cases by test type","Confirmed","738","Number"
"12/20/2025","COVID-19 cases by test type","Confirmed","816","Number"
"12/27/2025","COVID-19 cases by test type","Confirmed","725","Number"
"01/03/2026","COVID-19 cases by test type","Confirmed","718","Number"
"01/10/2026","COVID-19 cases by test type","Confirmed","817","Number"
"01/17/2026","COVID-19 cases by test type","Confirmed","679","Number"
"01/24/2026","COVID-19 cases by test type","Confirmed","629","Number"
"01/31/2026","COVID-19 cases by test type","Confirmed","541","Number"
"02/07/2026","COVID-19 cases by test type","Confirmed","687","Number"
"02/14/2026","COVID-19 cases by test type","Confirmed","716","Number"
"11/29/2025","COVID-19 cases by test type","Probable","272","Number"
"12/06/2025","COVID-19 cases by test type","Probable","344","Number"
"12/13/2025","COVID-19 cases by test type","Probable","419","Number"
"12/20/2025","COVID-19 cases by test type","Probable","345","Number"
"12/27/2025","COVID-19 cases by test type","Probable","294","Number"
"01/03/2026","COVID-19 cases by test type","Probable","408","Number"
"01/10/2026","COVID-19 cases by test type","Probable","479","Number"
"01/17/2026","COVID-19 cases by test type","Probable","373","Number"
"01/24/2026","COVID-19 cases by test type","Probable","327","Number"
"01/31/2026","COVID-19 cases by test type","Probable","262","Number"
"02/07/2026","COVID-19 cases by test type","Probable","371","Number"
"02/14/2026","COVID-19 cases by test type","Probable","382","Number"
"11/29/2025","COVID-19 cases by age group","0-4","89","Number"
"12/06/2025","COVID-19 cases by age group","0-4","120","Number"
"12/13/2025","COVID-19 cases by age group","0-4","119","Number"
"12/20/2025","COVID-19 cases by age group","0-4","141","Number"
"12/27/2025","COVID-19 cases by age group","0-4","122","Number"
"01/03/2026","COVID-19 cases by age group","0-4","129","Number"
"01/10/2026","COVID-19 cases by age group","0-4","144","Number"
"01/17/2026","COVID-19 cases by age group","0-4","133","Number"
"01/24/2026","COVID-19 cases by age group","0-4","122","Number"
"01/31/2026","COVID-19 cases by age group","0-4","100","Number"
"02/07/2026","COVID-19 cases by age group","0-4","117","Number"
"02/14/2026","COVID-19 cases by age group","0-4","141","Number"
"11/29/2025","COVID-19 cases by age group","5-17","104","Number"
"12/06/2025","COVID-19 cases by age group","5-17","142","Number"
"12/13/2025","COVID-19 cases by age group","5-17","199","Number"
"12/20/2025","COVID-19 cases by age group","5-17","189","Number"
"12/27/2025","COVID-19 cases by age group","5-17","117","Number"
"01/03/2026","COVID-19 cases by age group","5-17","78","Number"
"01/10/2026","COVID-19 cases by age group","5-17","107","Number"
"01/17/2026","COVID-19 cases by age group","5-17","141","Number"
"01/24/2026","COVID-19 cases by age group","5-17","122","Number"
"01/31/2026","COVID-19 cases by age group","5-17","117","Number"
"02/07/2026","COVID-19 cases by age group","5-17","158","Number"
"02/14/2026","COVID-19 cases by age group","5-17","195","Number"
"11/29/2025","COVID-19 cases by age group","18-64","378","Number"
"12/06/2025","COVID-19 cases by age group","18-64","498","Number"
"12/13/2025","COVID-19 cases by age group","18-64","565","Number"
"12/20/2025","COVID-19 cases by age group","18-64","566","Number"
"12/27/2025","COVID-19 cases by age group","18-64","495","Number"
"01/03/2026","COVID-19 cases by age group","18-64","598","Number"
"01/10/2026","COVID-19 cases by age group","18-64","739","Number"
"01/17/2026","COVID-19 cases by age group","18-64","528","Number"
"01/24/2026","COVID-19 cases by age group","18-64","516","Number"
"01/31/2026","COVID-19 cases by age group","18-64","405","Number"
"02/07/2026","COVID-19 cases by age group","18-64","560","Number"
"02/14/2026","COVID-19 cases by age group","18-64","582","Number"
"11/29/2025","COVID-19 cases by age group","65+","183","Number"
"12/06/2025","COVID-19 cases by age group","65+","230","Number"
"12/13/2025","COVID-19 cases by age group","65+","273","Number"
"12/20/2025","COVID-19 cases by age group","65+","264","Number"
"12/27/2025","COVID-19 cases by age group","65+","285","Number"
"01/03/2026","COVID-19 cases by age group","65+","321","Number"
"01/10/2026","COVID-19 cases by age group","65+","306","Number"
"01/17/2026","COVID-19 cases by age group","65+","250","Number"
"01/24/2026","COVID-19 cases by age group","65+","195","Number"
"01/31/2026","COVID-19 cases by age group","65+","181","Number"
"02/07/2026","COVID-19 cases by age group","65+","223","Number"
"02/14/2026","COVID-19 cases by age group","65+","179","Number"
"11/29/2025","COVID-19 cases by borough","Bronx","113","Number"
"12/06/2025","COVID-19 cases by borough","Bronx","161","Number"
"12/13/2025","COVID-19 cases by borough","Bronx","180","Number"
"12/20/2025","COVID-19 cases by borough","Bronx","205","Number"
"12/27/2025","COVID-19 cases by borough","Bronx","163","Number"
"01/03/2026","COVID-19 cases by borough","Bronx","195","Number"
"01/10/2026","COVID-19 cases by borough","Bronx","250","Number"
"01/17/2026","COVID-19 cases by borough","Bronx","233","Number"
"01/24/2026","COVID-19 cases by borough","Bronx","171","Number"
"01/31/2026","COVID-19 cases by borough","Bronx","154","Number"
"02/07/2026","COVID-19 cases by borough","Bronx","235","Number"
"02/14/2026","COVID-19 cases by borough","Bronx","243","Number"
"11/29/2025","COVID-19 cases by borough","Brooklyn","236","Number"
"12/06/2025","COVID-19 cases by borough","Brooklyn","310","Number"
"12/13/2025","COVID-19 cases by borough","Brooklyn","400","Number"
"12/20/2025","COVID-19 cases by borough","Brooklyn","336","Number"
"12/27/2025","COVID-19 cases by borough","Brooklyn","348","Number"
"01/03/2026","COVID-19 cases by borough","Brooklyn","322","Number"
"01/10/2026","COVID-19 cases by borough","Brooklyn","366","Number"
"01/17/2026","COVID-19 cases by borough","Brooklyn","294","Number"
"01/24/2026","COVID-19 cases by borough","Brooklyn","280","Number"
"01/31/2026","COVID-19 cases by borough","Brooklyn","229","Number"
"02/07/2026","COVID-19 cases by borough","Brooklyn","332","Number"
"02/14/2026","COVID-19 cases by borough","Brooklyn","323","Number"
"11/29/2025","COVID-19 cases by borough","Manhattan","132","Number"
"12/06/2025","COVID-19 cases by borough","Manhattan","163","Number"
"12/13/2025","COVID-19 cases by borough","Manhattan","220","Number"
"12/20/2025","COVID-19 cases by borough","Manhattan","223","Number"
"12/27/2025","COVID-19 cases by borough","Manhattan","156","Number"
"01/03/2026","COVID-19 cases by borough","Manhattan","179","Number"
"01/10/2026","COVID-19 cases by borough","Manhattan","221","Number"
"01/17/2026","COVID-19 cases by borough","Manhattan","176","Number"
"01/24/2026","COVID-19 cases by borough","Manhattan","201","Number"
"01/31/2026","COVID-19 cases by borough","Manhattan","149","Number"
"02/07/2026","COVID-19 cases by borough","Manhattan","193","Number"
"02/14/2026","COVID-19 cases by borough","Manhattan","192","Number"
"11/29/2025","COVID-19 cases by borough","Queens","208","Number"
"12/06/2025","COVID-19 cases by borough","Queens","264","Number"
"12/13/2025","COVID-19 cases by borough","Queens","270","Number"
"12/20/2025","COVID-19 cases by borough","Queens","305","Number"
"12/27/2025","COVID-19 cases by borough","Queens","250","Number"
"01/03/2026","COVID-19 cases by borough","Queens","298","Number"
"01/10/2026","COVID-19 cases by borough","Queens","312","Number"
"01/17/2026","COVID-19 cases by borough","Queens","242","Number"
"01/24/2026","COVID-19 cases by borough","Queens","225","Number"
"01/31/2026","COVID-19 cases by borough","Queens","217","Number"
"02/07/2026","COVID-19 cases by borough","Queens","224","Number"
"02/14/2026","COVID-19 cases by borough","Queens","264","Number"
"11/29/2025","COVID-19 cases by borough","Staten Island","65","Number"
"12/06/2025","COVID-19 cases by borough","Staten Island","93","Number"
"12/13/2025","COVID-19 cases by borough","Staten Island","87","Number"
"12/20/2025","COVID-19 cases by borough","Staten Island","92","Number"
"12/27/2025","COVID-19 cases by borough","Staten Island","102","Number"
"01/03/2026","COVID-19 cases by borough","Staten Island","132","Number"
"01/10/2026","COVID-19 cases by borough","Staten Island","147","Number"
"01/17/2026","COVID-19 cases by borough","Staten Island","107","Number"
"01/24/2026","COVID-19 cases by borough","Staten Island","79","Number"
"01/31/2026","COVID-19 cases by borough","Staten Island","54","Number"
"02/07/2026","COVID-19 cases by borough","Staten Island","74","Number"
"02/14/2026","COVID-19 cases by borough","Staten Island","76","Number"
"11/29/2025","COVID-19 cases by race and ethnicity","Asian/Pacific Islander","54","Number"
"12/06/2025","COVID-19 cases by race and ethnicity","Asian/Pacific Islander","68","Number"
"12/13/2025","COVID-19 cases by race and ethnicity","Asian/Pacific Islander","96","Number"
"12/20/2025","COVID-19 cases by race and ethnicity","Asian/Pacific Islander","93","Number"
"12/27/2025","COVID-19 cases by race and ethnicity","Asian/Pacific Islander","82","Number"
"01/03/2026","COVID-19 cases by race and ethnicity","Asian/Pacific Islander","90","Number"
"01/10/2026","COVID-19 cases by race and ethnicity","Asian/Pacific Islander","115","Number"
"01/17/2026","COVID-19 cases by race and ethnicity","Asian/Pacific Islander","74","Number"
"01/24/2026","COVID-19 cases by race and ethnicity","Asian/Pacific Islander","59","Number"
"01/31/2026","COVID-19 cases by race and ethnicity","Asian/Pacific Islander","72","Number"
"02/07/2026","COVID-19 cases by race and ethnicity","Asian/Pacific Islander","56","Number"
"02/14/2026","COVID-19 cases by race and ethnicity","Asian/Pacific Islander","63","Number"
"11/29/2025","COVID-19 cases by race and ethnicity","Black/African American","106","Number"
"12/06/2025","COVID-19 cases by race and ethnicity","Black/African American","121","Number"
"12/13/2025","COVID-19 cases by race and ethnicity","Black/African American","198","Number"
"12/20/2025","COVID-19 cases by race and ethnicity","Black/African American","183","Number"
"12/27/2025","COVID-19 cases by race and ethnicity","Black/African American","163","Number"
"01/03/2026","COVID-19 cases by race and ethnicity","Black/African American","175","Number"
"01/10/2026","COVID-19 cases by race and ethnicity","Black/African American","214","Number"
"01/17/2026","COVID-19 cases by race and ethnicity","Black/African American","194","Number"
"01/24/2026","COVID-19 cases by race and ethnicity","Black/African American","200","Number"
"01/31/2026","COVID-19 cases by race and ethnicity","Black/African American","162","Number"
"02/07/2026","COVID-19 cases by race and ethnicity","Black/African American","244","Number"
"02/14/2026","COVID-19 cases by race and ethnicity","Black/African American","212","Number"
"11/29/2025","COVID-19 cases by race and ethnicity","Hispanic/Latino","143","Number"
"12/06/2025","COVID-19 cases by race and ethnicity","Hispanic/Latino","231","Number"
"12/13/2025","COVID-19 cases by race and ethnicity","Hispanic/Latino","207","Number"
"12/20/2025","COVID-19 cases by race and ethnicity","Hispanic/Latino","245","Number"
"12/27/2025","COVID-19 cases by race and ethnicity","Hispanic/Latino","198","Number"
"01/03/2026","COVID-19 cases by race and ethnicity","Hispanic/Latino","241","Number"
"01/10/2026","COVID-19 cases by race and ethnicity","Hispanic/Latino","277","Number"
"01/17/2026","COVID-19 cases by race and ethnicity","Hispanic/Latino","209","Number"
"01/24/2026","COVID-19 cases by race and ethnicity","Hispanic/Latino","196","Number"
"01/31/2026","COVID-19 cases by race and ethnicity","Hispanic/Latino","172","Number"
"02/07/2026","COVID-19 cases by race and ethnicity","Hispanic/Latino","226","Number"
"02/14/2026","COVID-19 cases by race and ethnicity","Hispanic/Latino","245","Number"
"11/29/2025","COVID-19 cases by race and ethnicity","White","212","Number"
"12/06/2025","COVID-19 cases by race and ethnicity","White","244","Number"
"12/13/2025","COVID-19 cases by race and ethnicity","White","323","Number"
"12/20/2025","COVID-19 cases by race and ethnicity","White","303","Number"
"12/27/2025","COVID-19 cases by race and ethnicity","White","271","Number"
"01/03/2026","COVID-19 cases by race and ethnicity","White","307","Number"
"01/10/2026","COVID-19 cases by race and ethnicity","White","365","Number"
"01/17/2026","COVID-19 cases by race and ethnicity","White","267","Number"
"01/24/2026","COVID-19 cases by race and ethnicity","White","233","Number"
"01/31/2026","COVID-19 cases by race and ethnicity","White","208","Number"
"02/07/2026","COVID-19 cases by race and ethnicity","White","269","Number"
"02/14/2026","COVID-19 cases by race and ethnicity","White","276","Number"
"02/14/2026","COVID-19 cases by race and ethnicity","Proportion missing race and ethnicity","27","Percent"
"09/09/2023","Influenza cases","Total","215","Number"
"09/16/2023","Influenza cases","Total","234","Number"
"09/23/2023","Influenza cases","Total","330","Number"
"09/30/2023","Influenza cases","Total","313","Number"
"10/07/2023","Influenza cases","Total","464","Number"
"10/14/2023","Influenza cases","Total","463","Number"
"10/21/2023","Influenza cases","Total","554","Number"
"10/28/2023","Influenza cases","Total","750","Number"
"11/04/2023","Influenza cases","Total","823","Number"
"11/11/2023","Influenza cases","Total","1326","Number"
"11/18/2023","Influenza cases","Total","2067","Number"
"11/25/2023","Influenza cases","Total","2543","Number"
"12/02/2023","Influenza cases","Total","3918","Number"
"12/09/2023","Influenza cases","Total","5811","Number"
"12/16/2023","Influenza cases","Total","10547","Number"
"12/23/2023","Influenza cases","Total","14438","Number"
"12/30/2023","Influenza cases","Total","15063","Number"
"01/06/2024","Influenza cases","Total","11133","Number"
"01/13/2024","Influenza cases","Total","12272","Number"
"01/20/2024","Influenza cases","Total","10405","Number"
"01/27/2024","Influenza cases","Total","11241","Number"
"02/03/2024","Influenza cases","Total","9933","Number"
"02/10/2024","Influenza cases","Total","9435","Number"
"02/17/2024","Influenza cases","Total","8383","Number"
"02/24/2024","Influenza cases","Total","7426","Number"
"03/02/2024","Influenza cases","Total","6806","Number"
"03/09/2024","Influenza cases","Total","5735","Number"
"03/16/2024","Influenza cases","Total","4351","Number"
"03/23/2024","Influenza cases","Total","3861","Number"
"03/30/2024","Influenza cases","Total","3813","Number"
"04/06/2024","Influenza cases","Total","3338","Number"
"04/13/2024","Influenza cases","Total","2676","Number"
"04/20/2024","Influenza cases","Total","2149","Number"
"04/27/2024","Influenza cases","Total","1516","Number"
"05/04/2024","Influenza cases","Total","1432","Number"
"05/11/2024","Influenza cases","Total","915","Number"
"05/18/2024","Influenza cases","Total","762","Number"
"05/25/2024","Influenza cases","Total","669","Number"
"06/01/2024","Influenza cases","Total","405","Number"
"06/08/2024","Influenza cases","Total","351","Number"
"06/15/2024","Influenza cases","Total","319","Number"
"06/22/2024","Influenza cases","Total","257","Number"
"06/29/2024","Influenza cases","Total","339","Number"
"07/06/2024","Influenza cases","Total","242","Number"
"07/13/2024","Influenza cases","Total","274","Number"
"07/20/2024","Influenza cases","Total","263","Number"
"07/27/2024","Influenza cases","Total","268","Number"
"08/03/2024","Influenza cases","Total","261","Number"
"08/10/2024","Influenza cases","Total","217","Number"
"08/17/2024","Influenza cases","Total","245","Number"
"08/24/2024","Influenza cases","Total","254","Number"
"08/31/2024","Influenza cases","Total","214","Number"
"09/07/2024","Influenza cases","Total","278","Number"
"09/14/2024","Influenza cases","Total","299","Number"
"09/21/2024","Influenza cases","Total","302","Number"
"09/28/2024","Influenza cases","Total","307","Number"
"10/05/2024","Influenza cases","Total","267","Number"
"10/12/2024","Influenza cases","Total","250","Number"
"10/19/2024","Influenza cases","Total","294","Number"
"10/26/2024","Influenza cases","Total","379","Number"
"11/02/2024","Influenza cases","Total","455","Number"
"11/09/2024","Influenza cases","Total","512","Number"
"11/16/2024","Influenza cases","Total","623","Number"
"11/23/2024","Influenza cases","Total","989","Number"
"11/30/2024","Influenza cases","Total","1564","Number"
"12/07/2024","Influenza cases","Total","2404","Number"
"12/14/2024","Influenza cases","Total","4653","Number"
"12/21/2024","Influenza cases","Total","8239","Number"
"12/28/2024","Influenza cases","Total","11718","Number"
"01/04/2025","Influenza cases","Total","13903","Number"
"01/11/2025","Influenza cases","Total","15711","Number"
"01/18/2025","Influenza cases","Total","22432","Number"
"01/25/2025","Influenza cases","Total","23312","Number"
"02/01/2025","Influenza cases","Total","22521","Number"
"02/08/2025","Influenza cases","Total","19485","Number"
"02/15/2025","Influenza cases","Total","15235","Number"
"02/22/2025","Influenza cases","Total","10902","Number"
"03/01/2025","Influenza cases","Total","8414","Number"
"03/08/2025","Influenza cases","Total","7159","Number"
"03/15/2025","Influenza cases","Total","6334","Number"
"03/22/2025","Influenza cases","Total","5514","Number"
"03/29/2025","Influenza cases","Total","4477","Number"
"04/05/2025","Influenza cases","Total","3594","Number"
"04/12/2025","Influenza cases","Total","2449","Number"
"04/19/2025","Influenza cases","Total","1782","Number"
"04/26/2025","Influenza cases","Total","1370","Number"
"05/03/2025","Influenza cases","Total","986","Number"
"05/10/2025","Influenza cases","Total","677","Number"
"05/17/2025","Influenza cases","Total","517","Number"
"05/24/2025","Influenza cases","Total","428","Number"
"05/31/2025","Influenza cases","Total","348","Number"
"06/07/2025","Influenza cases","Total","247","Number"
"06/14/2025","Influenza cases","Total","234","Number"
"06/21/2025","Influenza cases","Total","196","Number"
"06/28/2025","Influenza cases","Total","182","Number"
"07/05/2025","Influenza cases","Total","169","Number"
"07/12/2025","Influenza cases","Total","150","Number"
"07/19/2025","Influenza cases","Total","133","Number"
"07/26/2025","Influenza cases","Total","154","Number"
"08/02/2025","Influenza cases","Total","136","Number"
"08/09/2025","Influenza cases","Total","137","Number"
"08/16/2025","Influenza cases","Total","159","Number"
"08/23/2025","Influenza cases","Total","175","Number"
"08/30/2025","Influenza cases","Total","182","Number"
"09/06/2025","Influenza cases","Total","217","Number"
"09/13/2025","Influenza cases","Total","224","Number"
"09/20/2025","Influenza cases","Total","246","Number"
"09/27/2025","Influenza cases","Total","222","Number"
"10/04/2025","Influenza cases","Total","254","Number"
"10/11/2025","Influenza cases","Total","274","Number"
"10/18/2025","Influenza cases","Total","348","Number"
"10/25/2025","Influenza cases","Total","448","Number"
"11/01/2025","Influenza cases","Total","744","Number"
"11/08/2025","Influenza cases","Total","1706","Number"
"11/15/2025","Influenza cases","Total","2476","Number"
"11/22/2025","Influenza cases","Total","5380","Number"
"11/29/2025","Influenza cases","Total","10639","Number"
"12/06/2025","Influenza cases","Total","14227","Number"
"12/13/2025","Influenza cases","Total","26096","Number"
"12/20/2025","Influenza cases","Total","32752","Number"
"12/27/2025","Influenza cases","Total","20319","Number"
"01/03/2026","Influenza cases","Total","12959","Number"
"01/10/2026","Influenza cases","Total","8220","Number"
"01/17/2026","Influenza cases","Total","3931","Number"
"01/24/2026","Influenza cases","Total","2236","Number"
"01/31/2026","Influenza cases","Total","1456","Number"
"02/07/2026","Influenza cases","Total","1738","Number"
"02/14/2026","Influenza cases","Total","2140","Number"
"11/29/2025","Influenza cases by subtype","Influenza A H1","46","Number"
"12/06/2025","Influenza cases by subtype","Influenza A H1","60","Number"
"12/13/2025","Influenza cases by subtype","Influenza A H1","94","Number"
"12/20/2025","Influenza cases by subtype","Influenza A H1","140","Number"
"12/27/2025","Influenza cases by subtype","Influenza A H1","109","Number"
"01/03/2026","Influenza cases by subtype","Influenza A H1","101","Number"
"01/10/2026","Influenza cases by subtype","Influenza A H1","102","Number"
"01/17/2026","Influenza cases by subtype","Influenza A H1","63","Number"
"01/24/2026","Influenza cases by subtype","Influenza A H1","48","Number"
"01/31/2026","Influenza cases by subtype","Influenza A H1","30","Number"
"02/07/2026","Influenza cases by subtype","Influenza A H1","31","Number"
"02/14/2026","Influenza cases by subtype","Influenza A H1","55","Number"
"11/29/2025","Influenza cases by subtype","Influenza A H3","2080","Number"
"12/06/2025","Influenza cases by subtype","Influenza A H3","3107","Number"
"12/13/2025","Influenza cases by subtype","Influenza A H3","4457","Number"
"12/20/2025","Influenza cases by subtype","Influenza A H3","5629","Number"
"12/27/2025","Influenza cases by subtype","Influenza A H3","3726","Number"
"01/03/2026","Influenza cases by subtype","Influenza A H3","2090","Number"
"01/10/2026","Influenza cases by subtype","Influenza A H3","1284","Number"
"01/17/2026","Influenza cases by subtype","Influenza A H3","612","Number"
"01/24/2026","Influenza cases by subtype","Influenza A H3","290","Number"
"01/31/2026","Influenza cases by subtype","Influenza A H3","144","Number"
"02/07/2026","Influenza cases by subtype","Influenza A H3","103","Number"
"02/14/2026","Influenza cases by subtype","Influenza A H3","73","Number"
"11/29/2025","Influenza cases by subtype","Influenza A not subtyped","8313","Number"
"12/06/2025","Influenza cases by subtype","Influenza A not subtyped","10758","Number"
"12/13/2025","Influenza cases by subtype","Influenza A not subtyped","21085","Number"
"12/20/2025","Influenza cases by subtype","Influenza A not subtyped","26497","Number"
"12/27/2025","Influenza cases by subtype","Influenza A not subtyped","16083","Number"
"01/03/2026","Influenza cases by subtype","Influenza A not subtyped","10407","Number"
"01/10/2026","Influenza cases by subtype","Influenza A not subtyped","6454","Number"
"01/17/2026","Influenza cases by subtype","Influenza A not subtyped","2927","Number"
"01/24/2026","Influenza cases by subtype","Influenza A not subtyped","1472","Number"
"01/31/2026","Influenza cases by subtype","Influenza A not subtyped","771","Number"
"02/07/2026","Influenza cases by subtype","Influenza A not subtyped","732","Number"
"02/14/2026","Influenza cases by subtype","Influenza A not subtyped","648","Number"
"11/29/2025","Influenza cases by subtype","Influenza B","86","Number"
"12/06/2025","Influenza cases by subtype","Influenza B","161","Number"
"12/13/2025","Influenza cases by subtype","Influenza B","188","Number"
"12/20/2025","Influenza cases by subtype","Influenza B","209","Number"
"12/27/2025","Influenza cases by subtype","Influenza B","224","Number"
"01/03/2026","Influenza cases by subtype","Influenza B","297","Number"
"01/10/2026","Influenza cases by subtype","Influenza B","336","Number"
"01/17/2026","Influenza cases by subtype","Influenza B","299","Number"
"01/24/2026","Influenza cases by subtype","Influenza B","409","Number"
"01/31/2026","Influenza cases by subtype","Influenza B","500","Number"
"02/07/2026","Influenza cases by subtype","Influenza B","861","Number"
"02/14/2026","Influenza cases by subtype","Influenza B","1339","Number"
"11/29/2025","Influenza cases by age group","0-4","1827","Number"
"12/06/2025","Influenza cases by age group","0-4","2655","Number"
"12/13/2025","Influenza cases by age group","0-4","4212","Number"
"12/20/2025","Influenza cases by age group","0-4","5285","Number"
"12/27/2025","Influenza cases by age group","0-4","3907","Number"
"01/03/2026","Influenza cases by age group","0-4","2216","Number"
"01/10/2026","Influenza cases by age group","0-4","1162","Number"
"01/17/2026","Influenza cases by age group","0-4","713","Number"
"01/24/2026","Influenza cases by age group","0-4","366","Number"
"01/31/2026","Influenza cases by age group","0-4","206","Number"
"02/07/2026","Influenza cases by age group","0-4","192","Number"
"02/14/2026","Influenza cases by age group","0-4","240","Number"
"11/29/2025","Influenza cases by age group","5-17","5119","Number"
"12/06/2025","Influenza cases by age group","5-17","5653","Number"
"12/13/2025","Influenza cases by age group","5-17","11668","Number"
"12/20/2025","Influenza cases by age group","5-17","13255","Number"
"12/27/2025","Influenza cases by age group","5-17","5136","Number"
"01/03/2026","Influenza cases by age group","5-17","1675","Number"
"01/10/2026","Influenza cases by age group","5-17","1059","Number"
"01/17/2026","Influenza cases by age group","5-17","780","Number"
"01/24/2026","Influenza cases by age group","5-17","504","Number"
"01/31/2026","Influenza cases by age group","5-17","371","Number"
"02/07/2026","Influenza cases by age group","5-17","549","Number"
"02/14/2026","Influenza cases by age group","5-17","857","Number"
"11/29/2025","Influenza cases by age group","18-64","3105","Number"
"12/06/2025","Influenza cases by age group","18-64","4921","Number"
"12/13/2025","Influenza cases by age group","18-64","8516","Number"
"12/20/2025","Influenza cases by age group","18-64","11570","Number"
"12/27/2025","Influenza cases by age group","18-64","8571","Number"
"01/03/2026","Influenza cases by age group","18-64","6679","Number"
"01/10/2026","Influenza cases by age group","18-64","4570","Number"
"01/17/2026","Influenza cases by age group","18-64","1794","Number"
"01/24/2026","Influenza cases by age group","18-64","997","Number"
"01/31/2026","Influenza cases by age group","18-64","683","Number"
"02/07/2026","Influenza cases by age group","18-64","823","Number"
"02/14/2026","Influenza cases by age group","18-64","904","Number"
"11/29/2025","Influenza cases by age group","65+","585","Number"
"12/06/2025","Influenza cases by age group","65+","994","Number"
"12/13/2025","Influenza cases by age group","65+","1700","Number"
"12/20/2025","Influenza cases by age group","65+","2640","Number"
"12/27/2025","Influenza cases by age group","65+","2703","Number"
"01/03/2026","Influenza cases by age group","65+","2387","Number"
"01/10/2026","Influenza cases by age group","65+","1428","Number"
"01/17/2026","Influenza cases by age group","65+","643","Number"
"01/24/2026","Influenza cases by age group","65+","369","Number"
"01/31/2026","Influenza cases by age group","65+","196","Number"
"02/07/2026","Influenza cases by age group","65+","170","Number"
"02/14/2026","Influenza cases by age group","65+","139","Number"
"11/29/2025","Influenza cases by borough","Bronx","2022","Number"
"12/06/2025","Influenza cases by borough","Bronx","2948","Number"
"12/13/2025","Influenza cases by borough","Bronx","6187","Number"
"12/20/2025","Influenza cases by borough","Bronx","7835","Number"
"12/27/2025","Influenza cases by borough","Bronx","4285","Number"
"01/03/2026","Influenza cases by borough","Bronx","2424","Number"
"01/10/2026","Influenza cases by borough","Bronx","1450","Number"
"01/17/2026","Influenza cases by borough","Bronx","678","Number"
"01/24/2026","Influenza cases by borough","Bronx","447","Number"
"01/31/2026","Influenza cases by borough","Bronx","272","Number"
"02/07/2026","Influenza cases by borough","Bronx","297","Number"
"02/14/2026","Influenza cases by borough","Bronx","356","Number"
"11/29/2025","Influenza cases by borough","Brooklyn","3370","Number"
"12/06/2025","Influenza cases by borough","Brooklyn","4647","Number"
"12/13/2025","Influenza cases by borough","Brooklyn","7723","Number"
"12/20/2025","Influenza cases by borough","Brooklyn","8757","Number"
"12/27/2025","Influenza cases by borough","Brooklyn","5812","Number"
"01/03/2026","Influenza cases by borough","Brooklyn","3651","Number"
"01/10/2026","Influenza cases by borough","Brooklyn","2352","Number"
"01/17/2026","Influenza cases by borough","Brooklyn","1155","Number"
"01/24/2026","Influenza cases by borough","Brooklyn","659","Number"
"01/31/2026","Influenza cases by borough","Brooklyn","379","Number"
"02/07/2026","Influenza cases by borough","Brooklyn","451","Number"
"02/14/2026","Influenza cases by borough","Brooklyn","561","Number"
"11/29/2025","Influenza cases by borough","Manhattan","1159","Number"
"12/06/2025","Influenza cases by borough","Manhattan","1474","Number"
"12/13/2025","Influenza cases by borough","Manhattan","3276","Number"
"12/20/2025","Influenza cases by borough","Manhattan","4598","Number"
"12/27/2025","Influenza cases by borough","Manhattan","2770","Number"
"01/03/2026","Influenza cases by borough","Manhattan","2059","Number"
"01/10/2026","Influenza cases by borough","Manhattan","1554","Number"
"01/17/2026","Influenza cases by borough","Manhattan","731","Number"
"01/24/2026","Influenza cases by borough","Manhattan","435","Number"
"01/31/2026","Influenza cases by borough","Manhattan","353","Number"
"02/07/2026","Influenza cases by borough","Manhattan","444","Number"
"02/14/2026","Influenza cases by borough","Manhattan","529","Number"
"11/29/2025","Influenza cases by borough","Queens","3397","Number"
"12/06/2025","Influenza cases by borough","Queens","4222","Number"
"12/13/2025","Influenza cases by borough","Queens","7196","Number"
"12/20/2025","Influenza cases by borough","Queens","9124","Number"
"12/27/2025","Influenza cases by borough","Queens","6025","Number"
"01/03/2026","Influenza cases by borough","Queens","3868","Number"
"01/10/2026","Influenza cases by borough","Queens","2366","Number"
"01/17/2026","Influenza cases by borough","Queens","1119","Number"
"01/24/2026","Influenza cases by borough","Queens","547","Number"
"01/31/2026","Influenza cases by borough","Queens","371","Number"
"02/07/2026","Influenza cases by borough","Queens","445","Number"
"02/14/2026","Influenza cases by borough","Queens","550","Number"
"11/29/2025","Influenza cases by borough","Staten Island","691","Number"
"12/06/2025","Influenza cases by borough","Staten Island","936","Number"
"12/13/2025","Influenza cases by borough","Staten Island","1714","Number"
"12/20/2025","Influenza cases by borough","Staten Island","2438","Number"
"12/27/2025","Influenza cases by borough","Staten Island","1427","Number"
"01/03/2026","Influenza cases by borough","Staten Island","957","Number"
"01/10/2026","Influenza cases by borough","Staten Island","498","Number"
"01/17/2026","Influenza cases by borough","Staten Island","248","Number"
"01/24/2026","Influenza cases by borough","Staten Island","148","Number"
"01/31/2026","Influenza cases by borough","Staten Island","81","Number"
"02/07/2026","Influenza cases by borough","Staten Island","101","Number"
"02/14/2026","Influenza cases by borough","Staten Island","144","Number"
"11/29/2025","Influenza cases by race and ethnicity","Asian/Pacific Islander","1050","Number"
"12/06/2025","Influenza cases by race and ethnicity","Asian/Pacific Islander","1245","Number"
"12/13/2025","Influenza cases by race and ethnicity","Asian/Pacific Islander","2363","Number"
"12/20/2025","Influenza cases by race and ethnicity","Asian/Pacific Islander","2843","Number"
"12/27/2025","Influenza cases by race and ethnicity","Asian/Pacific Islander","1898","Number"
"01/03/2026","Influenza cases by race and ethnicity","Asian/Pacific Islander","1315","Number"
"01/10/2026","Influenza cases by race and ethnicity","Asian/Pacific Islander","767","Number"
"01/17/2026","Influenza cases by race and ethnicity","Asian/Pacific Islander","360","Number"
"01/24/2026","Influenza cases by race and ethnicity","Asian/Pacific Islander","202","Number"
"01/31/2026","Influenza cases by race and ethnicity","Asian/Pacific Islander","141","Number"
"02/07/2026","Influenza cases by race and ethnicity","Asian/Pacific Islander","184","Number"
"02/14/2026","Influenza cases by race and ethnicity","Asian/Pacific Islander","221","Number"
"11/29/2025","Influenza cases by race and ethnicity","Black/African American","1622","Number"
"12/06/2025","Influenza cases by race and ethnicity","Black/African American","2110","Number"
"12/13/2025","Influenza cases by race and ethnicity","Black/African American","4001","Number"
"12/20/2025","Influenza cases by race and ethnicity","Black/African American","5112","Number"
"12/27/2025","Influenza cases by race and ethnicity","Black/African American","3381","Number"
"01/03/2026","Influenza cases by race and ethnicity","Black/African American","1969","Number"
"01/10/2026","Influenza cases by race and ethnicity","Black/African American","1246","Number"
"01/17/2026","Influenza cases by race and ethnicity","Black/African American","623","Number"
"01/24/2026","Influenza cases by race and ethnicity","Black/African American","334","Number"
"01/31/2026","Influenza cases by race and ethnicity","Black/African American","217","Number"
"02/07/2026","Influenza cases by race and ethnicity","Black/African American","263","Number"
"02/14/2026","Influenza cases by race and ethnicity","Black/African American","286","Number"
"11/29/2025","Influenza cases by race and ethnicity","Hispanic/Latino","2593","Number"
"12/06/2025","Influenza cases by race and ethnicity","Hispanic/Latino","3501","Number"
"12/13/2025","Influenza cases by race and ethnicity","Hispanic/Latino","6505","Number"
"12/20/2025","Influenza cases by race and ethnicity","Hispanic/Latino","8645","Number"
"12/27/2025","Influenza cases by race and ethnicity","Hispanic/Latino","5134","Number"
"01/03/2026","Influenza cases by race and ethnicity","Hispanic/Latino","3070","Number"
"01/10/2026","Influenza cases by race and ethnicity","Hispanic/Latino","1847","Number"
"01/17/2026","Influenza cases by race and ethnicity","Hispanic/Latino","822","Number"
"01/24/2026","Influenza cases by race and ethnicity","Hispanic/Latino","496","Number"
"01/31/2026","Influenza cases by race and ethnicity","Hispanic/Latino","338","Number"
"02/07/2026","Influenza cases by race and ethnicity","Hispanic/Latino","370","Number"
"02/14/2026","Influenza cases by race and ethnicity","Hispanic/Latino","481","Number"
"11/29/2025","Influenza cases by race and ethnicity","White","1801","Number"
"12/06/2025","Influenza cases by race and ethnicity","White","2353","Number"
"12/13/2025","Influenza cases by race and ethnicity","White","4690","Number"
"12/20/2025","Influenza cases by race and ethnicity","White","5863","Number"
"12/27/2025","Influenza cases by race and ethnicity","White","3952","Number"
"01/03/2026","Influenza cases by race and ethnicity","White","2808","Number"
"01/10/2026","Influenza cases by race and ethnicity","White","1939","Number"
"01/17/2026","Influenza cases by race and ethnicity","White","962","Number"
"01/24/2026","Influenza cases by race and ethnicity","White","536","Number"
"01/31/2026","Influenza cases by race and ethnicity","White","340","Number"
"02/07/2026","Influenza cases by race and ethnicity","White","403","Number"
"02/14/2026","Influenza cases by race and ethnicity","White","495","Number"
"02/14/2026","Influenza cases by race and ethnicity","Proportion missing race and ethnicity","31","Percent"
"09/09/2023","RSV cases","Total","136","Number"
"09/16/2023","RSV cases","Total","167","Number"
"09/23/2023","RSV cases","Total","340","Number"
"09/30/2023","RSV cases","Total","421","Number"
"10/07/2023","RSV cases","Total","644","Number"
"10/14/2023","RSV cases","Total","894","Number"
"10/21/2023","RSV cases","Total","1379","Number"
"10/28/2023","RSV cases","Total","2259","Number"
"11/04/2023","RSV cases","Total","2733","Number"
"11/11/2023","RSV cases","Total","3673","Number"
"11/18/2023","RSV cases","Total","4415","Number"
"11/25/2023","RSV cases","Total","4073","Number"
"12/02/2023","RSV cases","Total","4902","Number"
"12/09/2023","RSV cases","Total","4483","Number"
"12/16/2023","RSV cases","Total","3975","Number"
"12/23/2023","RSV cases","Total","3661","Number"
"12/30/2023","RSV cases","Total","3012","Number"
"01/06/2024","RSV cases","Total","2568","Number"
"01/13/2024","RSV cases","Total","2079","Number"
"01/20/2024","RSV cases","Total","1421","Number"
"01/27/2024","RSV cases","Total","1209","Number"
"02/03/2024","RSV cases","Total","1021","Number"
"02/10/2024","RSV cases","Total","905","Number"
"02/17/2024","RSV cases","Total","667","Number"
"02/24/2024","RSV cases","Total","557","Number"
"03/02/2024","RSV cases","Total","582","Number"
"03/09/2024","RSV cases","Total","423","Number"
"03/16/2024","RSV cases","Total","324","Number"
"03/23/2024","RSV cases","Total","319","Number"
"03/30/2024","RSV cases","Total","271","Number"
"04/06/2024","RSV cases","Total","233","Number"
"04/13/2024","RSV cases","Total","172","Number"
"04/20/2024","RSV cases","Total","193","Number"
"04/27/2024","RSV cases","Total","115","Number"
"05/04/2024","RSV cases","Total","113","Number"
"05/11/2024","RSV cases","Total","90","Number"
"05/18/2024","RSV cases","Total","106","Number"
"05/25/2024","RSV cases","Total","103","Number"
"06/01/2024","RSV cases","Total","92","Number"
"06/08/2024","RSV cases","Total","95","Number"
"06/15/2024","RSV cases","Total","97","Number"
"06/22/2024","RSV cases","Total","90","Number"
"06/29/2024","RSV cases","Total","89","Number"
"07/06/2024","RSV cases","Total","110","Number"
"07/13/2024","RSV cases","Total","106","Number"
"07/20/2024","RSV cases","Total","116","Number"
"07/27/2024","RSV cases","Total","110","Number"
"08/03/2024","RSV cases","Total","103","Number"
"08/10/2024","RSV cases","Total","111","Number"
"08/17/2024","RSV cases","Total","104","Number"
"08/24/2024","RSV cases","Total","142","Number"
"08/31/2024","RSV cases","Total","186","Number"
"09/07/2024","RSV cases","Total","166","Number"
"09/14/2024","RSV cases","Total","174","Number"
"09/21/2024","RSV cases","Total","244","Number"
"09/28/2024","RSV cases","Total","320","Number"
"10/05/2024","RSV cases","Total","347","Number"
"10/12/2024","RSV cases","Total","517","Number"
"10/19/2024","RSV cases","Total","588","Number"
"10/26/2024","RSV cases","Total","748","Number"
"11/02/2024","RSV cases","Total","1013","Number"
"11/09/2024","RSV cases","Total","1561","Number"
"11/16/2024","RSV cases","Total","2102","Number"
"11/23/2024","RSV cases","Total","2826","Number"
"11/30/2024","RSV cases","Total","3454","Number"
"12/07/2024","RSV cases","Total","4511","Number"
"12/14/2024","RSV cases","Total","4783","Number"
"12/21/2024","RSV cases","Total","4699","Number"
"12/28/2024","RSV cases","Total","3512","Number"
"01/04/2025","RSV cases","Total","3199","Number"
"01/11/2025","RSV cases","Total","2567","Number"
"01/18/2025","RSV cases","Total","2145","Number"
"01/25/2025","RSV cases","Total","1631","Number"
"02/01/2025","RSV cases","Total","1376","Number"
"02/08/2025","RSV cases","Total","1328","Number"
"02/15/2025","RSV cases","Total","1038","Number"
"02/22/2025","RSV cases","Total","874","Number"
"03/01/2025","RSV cases","Total","732","Number"
"03/08/2025","RSV cases","Total","642","Number"
"03/15/2025","RSV cases","Total","548","Number"
"03/22/2025","RSV cases","Total","468","Number"
"03/29/2025","RSV cases","Total","412","Number"
"04/05/2025","RSV cases","Total","338","Number"
"04/12/2025","RSV cases","Total","243","Number"
"04/19/2025","RSV cases","Total","190","Number"
"04/26/2025","RSV cases","Total","157","Number"
"05/03/2025","RSV cases","Total","125","Number"
"05/10/2025","RSV cases","Total","103","Number"
"05/17/2025","RSV cases","Total","107","Number"
"05/24/2025","RSV cases","Total","75","Number"
"05/31/2025","RSV cases","Total","87","Number"
"06/07/2025","RSV cases","Total","64","Number"
"06/14/2025","RSV cases","Total","71","Number"
"06/21/2025","RSV cases","Total","80","Number"
"06/28/2025","RSV cases","Total","68","Number"
"07/05/2025","RSV cases","Total","83","Number"
"07/12/2025","RSV cases","Total","72","Number"
"07/19/2025","RSV cases","Total","75","Number"
"07/26/2025","RSV cases","Total","84","Number"
"08/02/2025","RSV cases","Total","111","Number"
"08/09/2025","RSV cases","Total","115","Number"
"08/16/2025","RSV cases","Total","100","Number"
"08/23/2025","RSV cases","Total","104","Number"
"08/30/2025","RSV cases","Total","124","Number"
"09/06/2025","RSV cases","Total","122","Number"
"09/13/2025","RSV cases","Total","142","Number"
"09/20/2025","RSV cases","Total","203","Number"
"09/27/2025","RSV cases","Total","219","Number"
"10/04/2025","RSV cases","Total","271","Number"
"10/11/2025","RSV cases","Total","237","Number"
"10/18/2025","RSV cases","Total","241","Number"
"10/25/2025","RSV cases","Total","322","Number"
"11/01/2025","RSV cases","Total","379","Number"
"11/08/2025","RSV cases","Total","592","Number"
"11/15/2025","RSV cases","Total","696","Number"
"11/22/2025","RSV cases","Total","1097","Number"
"11/29/2025","RSV cases","Total","1286","Number"
"12/06/2025","RSV cases","Total","1771","Number"
"12/13/2025","RSV cases","Total","2055","Number"
"12/20/2025","RSV cases","Total","2578","Number"
"12/27/2025","RSV cases","Total","2246","Number"
"01/03/2026","RSV cases","Total","2344","Number"
"01/10/2026","RSV cases","Total","2326","Number"
"01/17/2026","RSV cases","Total","2344","Number"
"01/24/2026","RSV cases","Total","2281","Number"
"01/31/2026","RSV cases","Total","2065","Number"
"02/07/2026","RSV cases","Total","2203","Number"
"02/14/2026","RSV cases","Total","2318","Number"
"11/29/2025","RSV cases by age group","0-4","871","Number"
"12/06/2025","RSV cases by age group","0-4","1078","Number"
"12/13/2025","RSV cases by age group","0-4","1169","Number"
"12/20/2025","RSV cases by age group","0-4","1389","Number"
"12/27/2025","RSV cases by age group","0-4","1176","Number"
"01/03/2026","RSV cases by age group","0-4","1076","Number"
"01/10/2026","RSV cases by age group","0-4","900","Number"
"01/17/2026","RSV cases by age group","0-4","1000","Number"
"01/24/2026","RSV cases by age group","0-4","966","Number"
"01/31/2026","RSV cases by age group","0-4","899","Number"
"02/07/2026","RSV cases by age group","0-4","839","Number"
"02/14/2026","RSV cases by age group","0-4","853","Number"
"11/29/2025","RSV cases by age group","5-17","150","Number"
"12/06/2025","RSV cases by age group","5-17","251","Number"
"12/13/2025","RSV cases by age group","5-17","330","Number"
"12/20/2025","RSV cases by age group","5-17","452","Number"
"12/27/2025","RSV cases by age group","5-17","305","Number"
"01/03/2026","RSV cases by age group","5-17","273","Number"
"01/10/2026","RSV cases by age group","5-17","242","Number"
"01/17/2026","RSV cases by age group","5-17","294","Number"
"01/24/2026","RSV cases by age group","5-17","334","Number"
"01/31/2026","RSV cases by age group","5-17","279","Number"
"02/07/2026","RSV cases by age group","5-17","305","Number"
"02/14/2026","RSV cases by age group","5-17","374","Number"
"11/29/2025","RSV cases by age group","18-64","188","Number"
"12/06/2025","RSV cases by age group","18-64","318","Number"
"12/13/2025","RSV cases by age group","18-64","381","Number"
"12/20/2025","RSV cases by age group","18-64","518","Number"
"12/27/2025","RSV cases by age group","18-64","527","Number"
"01/03/2026","RSV cases by age group","18-64","636","Number"
"01/10/2026","RSV cases by age group","18-64","763","Number"
"01/17/2026","RSV cases by age group","18-64","663","Number"
"01/24/2026","RSV cases by age group","18-64","618","Number"
"01/31/2026","RSV cases by age group","18-64","577","Number"
"02/07/2026","RSV cases by age group","18-64","681","Number"
"02/14/2026","RSV cases by age group","18-64","674","Number"
"11/29/2025","RSV cases by age group","65+","77","Number"
"12/06/2025","RSV cases by age group","65+","123","Number"
"12/13/2025","RSV cases by age group","65+","174","Number"
"12/20/2025","RSV cases by age group","65+","218","Number"
"12/27/2025","RSV cases by age group","65+","238","Number"
"01/03/2026","RSV cases by age group","65+","359","Number"
"01/10/2026","RSV cases by age group","65+","421","Number"
"01/17/2026","RSV cases by age group","65+","387","Number"
"01/24/2026","RSV cases by age group","65+","361","Number"
"01/31/2026","RSV cases by age group","65+","310","Number"
"02/07/2026","RSV cases by age group","65+","378","Number"
"02/14/2026","RSV cases by age group","65+","417","Number"
"11/29/2025","RSV cases by borough","Bronx","2022","Number"
"12/06/2025","RSV cases by borough","Bronx","2948","Number"
"12/13/2025","RSV cases by borough","Bronx","6187","Number"
"12/20/2025","RSV cases by borough","Bronx","7835","Number"
"12/27/2025","RSV cases by borough","Bronx","4285","Number"
"01/03/2026","RSV cases by borough","Bronx","2424","Number"
"01/10/2026","RSV cases by borough","Bronx","1450","Number"
"01/17/2026","RSV cases by borough","Bronx","678","Number"
"01/24/2026","RSV cases by borough","Bronx","447","Number"
"01/31/2026","RSV cases by borough","Bronx","272","Number"
"02/07/2026","RSV cases by borough","Bronx","297","Number"
"02/14/2026","RSV cases by borough","Bronx","356","Number"
"11/29/2025","RSV cases by borough","Brooklyn","3370","Number"
"12/06/2025","RSV cases by borough","Brooklyn","4647","Number"
"12/13/2025","RSV cases by borough","Brooklyn","7723","Number"
"12/20/2025","RSV cases by borough","Brooklyn","8757","Number"
"12/27/2025","RSV cases by borough","Brooklyn","5812","Number"
"01/03/2026","RSV cases by borough","Brooklyn","3651","Number"
"01/10/2026","RSV cases by borough","Brooklyn","2352","Number"
"01/17/2026","RSV cases by borough","Brooklyn","1155","Number"
"01/24/2026","RSV cases by borough","Brooklyn","659","Number"
"01/31/2026","RSV cases by borough","Brooklyn","379","Number"
"02/07/2026","RSV cases by borough","Brooklyn","451","Number"
"02/14/2026","RSV cases by borough","Brooklyn","561","Number"
"11/29/2025","RSV cases by borough","Manhattan","1159","Number"
"12/06/2025","RSV cases by borough","Manhattan","1474","Number"
"12/13/2025","RSV cases by borough","Manhattan","3276","Number"
"12/20/2025","RSV cases by borough","Manhattan","4598","Number"
"12/27/2025","RSV cases by borough","Manhattan","2770","Number"
"01/03/2026","RSV cases by borough","Manhattan","2059","Number"
"01/10/2026","RSV cases by borough","Manhattan","1554","Number"
"01/17/2026","RSV cases by borough","Manhattan","731","Number"
"01/24/2026","RSV cases by borough","Manhattan","435","Number"
"01/31/2026","RSV cases by borough","Manhattan","353","Number"
"02/07/2026","RSV cases by borough","Manhattan","444","Number"
"02/14/2026","RSV cases by borough","Manhattan","529","Number"
"11/29/2025","RSV cases by borough","Queens","3397","Number"
"12/06/2025","RSV cases by borough","Queens","4222","Number"
"12/13/2025","RSV cases by borough","Queens","7196","Number"
"12/20/2025","RSV cases by borough","Queens","9124","Number"
"12/27/2025","RSV cases by borough","Queens","6025","Number"
"01/03/2026","RSV cases by borough","Queens","3868","Number"
"01/10/2026","RSV cases by borough","Queens","2366","Number"
"01/17/2026","RSV cases by borough","Queens","1119","Number"
"01/24/2026","RSV cases by borough","Queens","547","Number"
"01/31/2026","RSV cases by borough","Queens","371","Number"
"02/07/2026","RSV cases by borough","Queens","445","Number"
"02/14/2026","RSV cases by borough","Queens","550","Number"
"11/29/2025","RSV cases by borough","Staten Island","691","Number"
"12/06/2025","RSV cases by borough","Staten Island","936","Number"
"12/13/2025","RSV cases by borough","Staten Island","1714","Number"
"12/20/2025","RSV cases by borough","Staten Island","2438","Number"
"12/27/2025","RSV cases by borough","Staten Island","1427","Number"
"01/03/2026","RSV cases by borough","Staten Island","957","Number"
"01/10/2026","RSV cases by borough","Staten Island","498","Number"
"01/17/2026","RSV cases by borough","Staten Island","248","Number"
"01/24/2026","RSV cases by borough","Staten Island","148","Number"
"01/31/2026","RSV cases by borough","Staten Island","81","Number"
"02/07/2026","RSV cases by borough","Staten Island","101","Number"
"02/14/2026","RSV cases by borough","Staten Island","144","Number"
